[
  "Australia/Lord_Howe",
  "Australia/Darwin",
  "Australia/Lindeman",
  "Australia/Hobart",
  "Australia/Perth",
  "Australia/Melbourne",
  "Australia/Brisbane",
  "Australia/Adelaide",
  "Australia/Eucla",
  "Australia/Sydney",
  "Australia/Broken_Hill",
  "Indian/Mahe",
  "Indian/Cocos",
  "Indian/Chagos",
  "Indian/Comoro",
  "Indian/Christmas",
  "Indian/Kerguelen",
  "Indian/Reunion",
  "Indian/Antananarivo",
  "Indian/Mayotte",
  "Indian/Mauritius",
  "Indian/Maldives",
  "Africa/Bissau",
  "Africa/Bujumbura",
  "Africa/Juba",
  "Africa/Kinshasa",
  "Africa/Mbabane",
  "Africa/Windhoek",
  "Africa/Brazzaville",
  "Africa/Bangui",
  "Africa/Nairobi",
  "Africa/Abidjan",
  "Africa/Tripoli",
  "Africa/Lusaka",
  "Africa/Sao_Tome",
  "Africa/Gaborone",
  "Africa/Freetown",
  "Africa/Niamey",
  "Africa/Cairo",
  "Africa/Djibouti",
  "Africa/Libreville",
  "Africa/Algiers",
  "Africa/Harare",
  "Africa/Ndjamena",
  "Africa/Monrovia",
  "Africa/Asmara",
  "Africa/Ceuta",
  "Africa/Banjul",
  "Africa/Khartoum",
  "Africa/Casablanca",
  "Africa/Conakry",
  "Africa/Maseru",
  "Africa/Douala",
  "Africa/Dakar",
  "Africa/Tunis",
  "Africa/Porto-Novo",
  "Africa/Kigali",
  "Africa/Luanda",
  "Africa/Dar_es_Salaam",
  "Africa/Maputo",
  "Africa/Nouakchott",
  "Africa/Mogadishu",
  "Africa/Johannesburg",
  "Africa/Ouagadougou",
  "Africa/Bamako",
  "Africa/Lagos",
  "Africa/Malabo",
  "Africa/Kampala",
  "Africa/Accra",
  "Africa/El_Aaiun",
  "Africa/Blantyre",
  "Africa/Lubumbashi",
  "Africa/Lome",
  "Africa/Addis_Ababa",
  "Pacific/Palau",
  "Pacific/Majuro",
  "Pacific/Galapagos",
  "Pacific/Guam",
  "Pacific/Tongatapu",
  "Pacific/Efate",
  "Pacific/Saipan",
  "Pacific/Norfolk",
  "Pacific/Guadalcanal",
  "Pacific/Midway",
  "Pacific/Kwajalein",
  "Pacific/Kiritimati",
  "Pacific/Easter",
  "Pacific/Niue",
  "Pacific/Pitcairn",
  "Pacific/Wake",
  "Pacific/Apia",
  "Pacific/Port_Moresby",
  "Pacific/Kanton",
  "Pacific/Chatham",
  "Pacific/Fakaofo",
  "Pacific/Tahiti",
  "Pacific/Noumea",
  "Pacific/Tarawa",
  "Pacific/Chuuk",
  "Pacific/Fiji",
  "Pacific/Pago_Pago",
  "Pacific/Funafuti",
  "Pacific/Honolulu",
  "Pacific/Pohnpei",
  "Pacific/Marquesas",
  "Pacific/Wallis",
  "Pacific/Auckland",
  "Pacific/Rarotonga",
  "Pacific/Bougainville",
  "Pacific/Gambier",
  "Pacific/Nauru",
  "Pacific/Kosrae",
  "Antarctica/Casey",
  "Antarctica/Rothera",
  "Antarctica/McMurdo",
  "Antarctica/Davis",
  "Antarctica/Vostok",
  "Antarctica/Macquarie",
  "Antarctica/DumontDUrville",
  "Antarctica/Syowa",
  "Antarctica/Troll",
  "Antarctica/Palmer",
  "Antarctica/Mawson",
  "Asia/Seoul",
  "Asia/Ust-Nera",
  "Asia/Makassar",
  "Asia/Macau",
  "Asia/Yangon",
  "Asia/Samarkand",
  "Asia/Novokuznetsk",
  "Asia/Gaza",
  "Asia/Jerusalem",
  "Asia/Phnom_Penh",
  "Asia/Hong_Kong",
  "Asia/Baghdad",
  "Asia/Tomsk",
  "Asia/Amman",
  "Asia/Taipei",
  "Asia/Manila",
  "Asia/Yekaterinburg",
  "Asia/Vladivostok",
  "Asia/Kolkata",
  "Asia/Srednekolymsk",
  "Asia/Oral",
  "Asia/Atyrau",
  "Asia/Jayapura",
  "Asia/Dhaka",
  "Asia/Ho_Chi_Minh",
  "Asia/Colombo",
  "Asia/Pontianak",
  "Asia/Magadan",
  "Asia/Hovd",
  "Asia/Sakhalin",
  "Asia/Dubai",
  "Asia/Beirut",
  "Asia/Brunei",
  "Asia/Barnaul",
  "Asia/Irkutsk",
  "Asia/Yerevan",
  "Asia/Almaty",
  "Asia/Vientiane",
  "Asia/Kuala_Lumpur",
  "Asia/Aden",
  "Asia/Shanghai",
  "Asia/Dushanbe",
  "Asia/Krasnoyarsk",
  "Asia/Anadyr",
  "Asia/Dili",
  "Asia/Jakarta",
  "Asia/Kuching",
  "Asia/Ashgabat",
  "Asia/Chita",
  "Asia/Karachi",
  "Asia/Ulaanbaatar",
  "Asia/Hebron",
  "Asia/Kuwait",
  "Asia/Muscat",
  "Asia/Baku",
  "Asia/Pyongyang",
  "Asia/Kabul",
  "Asia/Thimphu",
  "Asia/Urumqi",
  "Asia/Singapore",
  "Asia/Tehran",
  "Asia/Bahrain",
  "Asia/Nicosia",
  "Asia/Kathmandu",
  "Asia/Novosibirsk",
  "Asia/Kamchatka",
  "Asia/Aqtobe",
  "Asia/Tashkent",
  "Asia/Qatar",
  "Asia/Khandyga",
  "Asia/Omsk",
  "Asia/Bishkek",
  "Asia/Riyadh",
  "Asia/Qyzylorda",
  "Asia/Tbilisi",
  "Asia/Famagusta",
  "Asia/Yakutsk",
  "Asia/Tokyo",
  "Asia/Bangkok",
  "Asia/Qostanay",
  "Asia/Aqtau",
  "Asia/Damascus",
  "America/Grenada",
  "America/St_Johns",
  "America/Asuncion",
  "America/St_Vincent",
  "America/Puerto_Rico",
  "America/Havana",
  "America/Belem",
  "America/Metlakatla",
  "America/Argentina/Cordoba",
  "America/Argentina/San_Luis",
  "America/Argentina/Ushuaia",
  "America/Argentina/San_Juan",
  "America/Argentina/Catamarca",
  "America/Argentina/La_Rioja",
  "America/Argentina/Mendoza",
  "America/Argentina/Jujuy",
  "America/Argentina/Salta",
  "America/Argentina/Tucuman",
  "America/Argentina/Rio_Gallegos",
  "America/Argentina/Buenos_Aires",
  "America/Rankin_Inlet",
  "America/Grand_Turk",
  "America/Chihuahua",
  "America/Fortaleza",
  "America/Glace_Bay",
  "America/Rio_Branco",
  "America/Campo_Grande",
  "America/Hermosillo",
  "America/Swift_Current",
  "America/Cayman",
  "America/Regina",
  "America/Resolute",
  "America/North_Dakota/Beulah",
  "America/North_Dakota/Center",
  "America/North_Dakota/New_Salem",
  "America/Santiago",
  "America/Dawson_Creek",
  "America/Santarem",
  "America/Lima",
  "America/Antigua",
  "America/Detroit",
  "America/Edmonton",
  "America/Costa_Rica",
  "America/Guayaquil",
  "America/Fort_Nelson",
  "America/Whitehorse",
  "America/Guyana",
  "America/Blanc-Sablon",
  "America/Panama",
  "America/Anguilla",
  "America/Paramaribo",
  "America/Phoenix",
  "America/Kentucky/Monticello",
  "America/Kentucky/Louisville",
  "America/Martinique",
  "America/Vancouver",
  "America/Merida",
  "America/Denver",
  "America/Mexico_City",
  "America/Boa_Vista",
  "America/Boise",
  "America/La_Paz",
  "America/Goose_Bay",
  "America/Iqaluit",
  "America/Yakutat",
  "America/Noronha",
  "America/Moncton",
  "America/Jamaica",
  "America/Maceio",
  "America/Bahia",
  "America/Nuuk",
  "America/St_Kitts",
  "America/Port_of_Spain",
  "America/Cancun",
  "America/Juneau",
  "America/New_York",
  "America/Matamoros",
  "America/Belize",
  "America/Ojinaga",
  "America/Curacao",
  "America/Danmarkshavn",
  "America/Menominee",
  "America/Barbados",
  "America/Scoresbysund",
  "America/Porto_Velho",
  "America/Tortola",
  "America/Monterrey",
  "America/Mazatlan",
  "America/Los_Angeles",
  "America/Tegucigalpa",
  "America/Santo_Domingo",
  "America/Nome",
  "America/Dominica",
  "America/Manaus",
  "America/Montserrat",
  "America/Cambridge_Bay",
  "America/Recife",
  "America/Halifax",
  "America/Anchorage",
  "America/Thule",
  "America/El_Salvador",
  "America/Tijuana",
  "America/Inuvik",
  "America/Port-au-Prince",
  "America/Bogota",
  "America/Aruba",
  "America/Guatemala",
  "America/Caracas",
  "America/St_Lucia",
  "America/Guadeloupe",
  "America/Nassau",
  "America/Bahia_Banderas",
  "America/Cuiaba",
  "America/Montevideo",
  "America/Ciudad_Juarez",
  "America/Indiana/Marengo",
  "America/Indiana/Knox",
  "America/Indiana/Indianapolis",
  "America/Indiana/Petersburg",
  "America/Indiana/Winamac",
  "America/Indiana/Vincennes",
  "America/Indiana/Tell_City",
  "America/Indiana/Vevay",
  "America/Sitka",
  "America/Miquelon",
  "America/St_Thomas",
  "America/Chicago",
  "America/Toronto",
  "America/Sao_Paulo",
  "America/Atikokan",
  "America/Eirunepe",
  "America/Managua",
  "America/Creston",
  "America/Adak",
  "America/Punta_Arenas",
  "America/Cayenne",
  "America/Araguaina",
  "America/Dawson",
  "America/Coyhaique",
  "America/Winnipeg",
  "Europe/Ulyanovsk",
  "Europe/Paris",
  "Europe/Oslo",
  "Europe/Chisinau",
  "Europe/Warsaw",
  "Europe/Simferopol",
  "Europe/Zagreb",
  "Europe/Athens",
  "Europe/Jersey",
  "Europe/Samara",
  "Europe/Kirov",
  "Europe/Vaduz",
  "Europe/Isle_of_Man",
  "Europe/Brussels",
  "Europe/Andorra",
  "Europe/Rome",
  "Europe/Sarajevo",
  "Europe/Tirane",
  "Europe/Sofia",
  "Europe/Lisbon",
  "Europe/Stockholm",
  "Europe/Vienna",
  "Europe/Gibraltar",
  "Europe/Ljubljana",
  "Europe/London",
  "Europe/Copenhagen",
  "Europe/Bucharest",
  "Europe/Luxembourg",
  "Europe/Vilnius",
  "Europe/Helsinki",
  "Europe/Prague",
  "Europe/Guernsey",
  "Europe/Saratov",
  "Europe/Zurich",
  "Europe/Malta",
  "Europe/Minsk",
  "Europe/Skopje",
  "Europe/Moscow",
  "Europe/Kyiv",
  "Europe/Amsterdam",
  "Europe/Berlin",
  "Europe/Volgograd",
  "Europe/Monaco",
  "Europe/Budapest",
  "Europe/Madrid",
  "Europe/Dublin",
  "Europe/Tallinn",
  "Europe/Astrakhan",
  "Europe/Kaliningrad",
  "Europe/Istanbul",
  "Europe/Belgrade",
  "Europe/Riga",
  "Atlantic/Madeira",
  "Atlantic/Faroe",
  "Atlantic/Cape_Verde",
  "Atlantic/Azores",
  "Atlantic/Bermuda",
  "Atlantic/South_Georgia",
  "Atlantic/St_Helena",
  "Atlantic/Reykjavik",
  "Atlantic/Stanley",
  "Atlantic/Canary"
]
